GitHub Repo,Engineered ML Project,Stars,Commits,Lines of Code,Architecture,Community_Converted,Community,Continuous Integration_Converted,Continuous Integration,Documentation_Converted,Documentation,History_Converted,History,Issues_Converted,Issues,License_Converted,License,Unit Testing_Converted,Unit Testing,ComplexContainerComprehension,ComplexLambdaExpression,LargeClass,LongBaseClassList,LongMessageChain,LongMethod,LongParameterList,LongScopeChaining,LongTernaryConditionalExpression,MultiplyNestedContainer,Normalized_ComplexContainerComprehension,Normalized_ComplexLambdaExpression,Normalized_LargeClass,Normalized_LongBaseClassList,Normalized_LongMessageChain,Normalized_LongMethod,Normalized_LongParameterList,Normalized_LongScopeChaining,Normalized_LongTernaryConditionalExpression,Normalized_MultiplyNestedContainer,Architecture_Converted,Contributors
databricks/spark-deep-learning,Y,1725,127,234,The source code of this project has been organised into different modules in a way that shows the relationship between different files,1,https://github.com/databricks/spark-deep-learning/graphs/contributors shows that there are multiple contributors.,1,"The project uses various CI services to compute code coverage, check stylistic violations, etc.",1,There is a well maintained documentation at https://github.com/databricks/spark-deep-learning/blob/master/dev/run.py,0.0,There is no commit in the past month,1,"The project maintainers respond to issues, as evidenced by https://github.com/databricks/spark-deep-learning/issues/226",1,https://github.com/databricks/spark-deep-learning/blob/master/LICENSE is provided,1,There are many files related to testing.,0.0,1.0,9.0,9.0,10.0,29.0,29.0,3.0,0.0,11.0,0.0,0.0007440476190476,0.0010399815114397,0.0010427528675703,0.0003189487449366,0.0014111235462994,0.0014111235462994,0.0015839493136219,0.0,0.0002472465722634,21,0.5
snipsco/tract,Y,546,2046,249,The source code of this project has been organised into different modules in a way that shows the relationship between different files,1,"1 has significantly more commits than others, but 14 contributers",1,Travis used,1,Documentation provided,0.0,"Recent, Commit activity not negligible",1,13 open < 28 closed,1,License provided,0,Doesn't seem to have unit test,3.0,2.0,3.0,1.0,18.0,25.0,25.0,0.0,0.0,72.0,0.0009287925696594,0.0014880952380952,0.0003466605038132,0.00011586142973,0.000574107740886,0.0012164858157753,0.0012164858157753,0.0,0.0,0.0016183412002697,21,1.0
microsoft/windows-machine-learning,Y,554,696,251,The source code of this project has been organised into different modules in a way that shows the relationship between different files,1,https://github.com/microsoft/Windows-Machine-Learning/graphs/contributors shows there are multiple contributors,1,"The project uses various CI services to compute code coverage, check stylistic violations, etc.",1,There is a well-maintained README but most of the functions in the source code are not documented.,1.0,https://github.com/microsoft/Windows-Machine-Learning/graphs/commit-activity shows there have been activities in the past few months,1,"The project maintainers respond to issues, as evidenced by https://github.com/microsoft/MMdnn/issues/856 and https://github.com/microsoft/MMdnn/issues/853",1,https://github.com/microsoft/Windows-Machine-Learning/blob/master/LICENSE,1,There are many files related to testing,9.0,0.0,2.0,2.0,18.0,37.0,37.0,0.0,2.0,36.0,0.0027863777089783,0.0,0.0002311070025421,0.00023172285946,0.000574107740886,0.0018003990073475,0.0018003990073475,0.0,0.0021810250817884,0.0008091706001348,21,1.0
bureaucratic-labs/dostoevsky,Y,132,173,316,The source code of this project has been organised into different modules in a way that shows the relationship between different files,1,https://github.com/bureaucratic-labs/dostoevsky/graphs/contributors shows that there are multiple contributors,1,The project uses Travis CI,0,Most of the functions in the source code are not documented.,1.0,Evidence of sustained commit activity,1,"The project maintainers respond to issues, as evidenced by https://github.com/bureaucratic-labs/dostoevsky/issues/37 and https://github.com/bureaucratic-labs/dostoevsky/issues/83",1,https://github.com/bureaucratic-labs/dostoevsky/blob/master/LICENSE is provided.,1,There are 2 files related to testing,0.0,0.0,0.0,0.0,0.0,1.0,1.0,0.0,0.0,3.0,0.0,0.0,0.0,0.0,0.0,4.865943263101552e-05,4.865943263101552e-05,0.0,0.0,6.74308833445718e-05,21,0.13333333333333333
mini-conf/mini-conf,Y,311,117,352,The source code of this project has been organised into different modules in a way that shows the relationship between different files,1,https://github.com/Mini-Conf/Mini-Conf/graphs/contributors shows that there are multiple contributors,1,The project uses Travis CI,1,There is a well-maintained documentation,1.0,Little evidence of sustained commit activity,1,"The project maintainers respond to issues, as evidenced by https://github.com/Mini-Conf/Mini-Conf/issues/61 and https://github.com/Mini-Conf/Mini-Conf/issues/59",1,https://github.com/Mini-Conf/Mini-Conf/blob/master/LICENSE is provided.,0,There is no evidence of any testing done on the project.,3.0,0.0,0.0,0.0,2.0,26.0,26.0,0.0,0.0,69.0,0.0009287925696594,0.0,0.0,0.0,6.378974898733774e-05,0.0012651452484064,0.0012651452484064,0.0,0.0,0.0015509103169251,21,0.4
kk7nc/hdltex,Y,167,255,443,The source code of this project has been organised into different modules in a way that shows the relationship between different files,1,Multiple contributors: https://github.com/kk7nc/HDLTex/graphs/contributors,1,"The project uses various CI services to compute code coverage, check stylistic violations, etc.",1,"There is a well maintained README, codes are well documented",0.0,"No commits the past month, active before that",1,Author does not respond frequently,1,https://github.com/kk7nc/HDLTex/blob/master/LICENSE,0,There is no evidence of any testing done on the project.,6.0,0.0,0.0,0.0,25.0,12.0,12.0,0.0,0.0,96.0,0.0018575851393188,0.0,0.0,0.0,0.0007973718623417,0.0005839131915721,0.0005839131915721,0.0,0.0,0.0021577882670262,21,0.13333333333333333
unity-technologies/marathon-envs,Y,158,402,676,The source code of this project has been organised into different modules in a way that shows the relationship between different files,1,https://github.com/Unity-Technologies/marathon-envs/graphs/contributors shows that there are multiple contributors,0,CI is not used on the project.,0,Most of the functions in the source code are not documented.,1.0,Evidence of sustained commit activity but only recently,1,"The project maintainers respond to issues, as evidenced by https://github.com/Unity-Technologies/marathon-envs/issues/31 and https://github.com/Unity-Technologies/marathon-envs/issues/30",1,https://github.com/Unity-Technologies/marathon-envs/blob/master/LICENSE is provided.,1,Only found 1 test file,2.0,0.0,0.0,0.0,16.0,10.0,10.0,0.0,0.0,7.0,0.0006191950464396,0.0,0.0,0.0,0.0005103179918987,0.0004865943263101,0.0004865943263101,0.0,0.0,0.000157338727804,21,0.23333333333333334
philipperemy/keract,Y,748,276,1054,The source code of this project has been organised into different modules in a way that shows the relationship between different files,1,https://github.com/philipperemy/keract/graphs/contributors shows that there are multiple contributors,0,CI is not used on the project,1,There is a well-maintained README and some of the functions in https://github.com/philipperemy/keract/blob/master/keract/keract.py have appropriate docstrings,1.0,https://github.com/philipperemy/keract/graphs/commit-activity shows that there are have been some activities in the past with some activities in the past month,1,"The project maintainers respond to issues, not so actively, as evidenced by https://github.com/philipperemy/keract/issues/106v and https://github.com/philipperemy/keract/issues/105",1,https://github.com/philipperemy/keract/blob/master/LICENSE,1,There are files related to testing,0.0,0.0,1.0,0.0,33.0,8.0,8.0,0.0,0.0,37.0,0.0,0.0,0.000115553501271,0.0,0.001052530858291,0.0003892754610481,0.0003892754610481,0.0,0.0,0.0008316475612497,21,0.3
mrgiovanni/modelsgenesis,Y,278,178,1127,The source code of this project has been organised into different modules in a way that shows the relationship between different files,1,https://github.com/MrGiovanni/ModelsGenesis/graphs/contributors shows that there are multiple contributors but mainly 1,1,The project uses Travis CI,1,There is a well-maintained documentation,0.0,No evidence of sustained commit activity in recent months,1,"The project maintainers respond to issues, as evidenced by https://github.com/MisaOgura/flashtorch/issues/23 and https://github.com/MisaOgura/flashtorch/issues/22",1,https://github.com/MrGiovanni/ModelsGenesis/blob/master/LICENSE is provided.,0,There is no evidence of any testing done on the project.,24.0,4.0,22.0,10.0,134.0,119.0,119.0,0.0,3.0,198.0,0.0074303405572755,0.0029761904761904,0.0025421770279639,0.0011586142973004,0.0042739131821516,0.0057904724830908,0.0057904724830908,0.0,0.0032715376226826,0.0044504383007417,21,0.23333333333333334
guillaume-be/rust-bert,Y,222,292,1180,The source code of this project has been organised into different modules in a way that shows the relationship between different files,1,https://github.com/guillaume-be/rust-bert/graphs/contributors that there are multiple contributors.,1,"The project uses various CI services to compute code coverage, check stylistic violations, etc.",1,"There is a well-maintained README, and majority of the functions in https://github.com/guillaume-be/rust-bert/tree/master/src",1.0,Checking https://github.com/guillaume-be/rust-bert/pulse/monthly there has been significant commit activity in the past month.,1,"The project maintainers respond to issues, as evidenced by https://github.com/guillaume-be/rust-bert/issues/56",1,https://github.com/guillaume-be/rust-bert/blob/master/LICENSE is provided,1,There are many files related to testing.,0.0,0.0,0.0,0.0,0.0,0.0,0.0,0.0,0.0,1.0,0.0,0.0,0.0,0.0,0.0,0.0,0.0,0.0,0.0,2.247696111485727e-05,21,1.0
machine-learning-apps/issue-label-bot,Y,214,169,1200,The source code of this project has been organised into different modules in a way that shows the relationship between different files,1,https://github.com/machine-learning-apps/Issue-Label-Bot/graphs/contributors shows there are multiple contributors,0,CI is not used on the project,1,"There is a well-maintained README, and the majority of the functions in https://github.com/lululxvi/deepxde/blob/master/deepxde/fractional.py and https://github.com/lululxvi/deepxde/blob/master/deepxde/boundary_conditions.py have appropriate docstrings",1.0,https://github.com/machine-learning-apps/Issue-Label-Bot/graphs/commit-activity shows there are some activities in the past without no activies in the past month,1,"The project maintainers respond to issues, as evidenced by https://github.com/machine-learning-apps/Issue-Label-Bot/issues/74 and https://github.com/machine-learning-apps/Issue-Label-Bot/issues/73",1,https://github.com/machine-learning-apps/Issue-Label-Bot/blob/master/LICENSE,1,There are many files related to testing,0.0,0.0,3.0,3.0,13.0,9.0,9.0,0.0,0.0,11.0,0.0,0.0,0.0003466605038132,0.0003475842891901,0.0004146333684176,0.0004379348936791,0.0004379348936791,0.0,0.0,0.0002472465722634,21,0.23333333333333334
misaogura/flashtorch,Y,443,126,1210,The source code of this project has been organised into different modules in a way that shows the relationship between different files,1,https://github.com/MisaOgura/flashtorch/graphs/contributors shows that there are 2 contributors but 2nd only contributed 1 commits,1,The project uses Travis CI,1,There is a well-maintained documentation,0.0,No evidence of sustained commit activity,1,"The project maintainers respond to issues, as evidenced by https://github.com/MisaOgura/flashtorch/issues/23 and https://github.com/MisaOgura/flashtorch/issues/21",1,https://github.com/MisaOgura/flashtorch/blob/master/LICENSE is provided.,1,There are many files related to testing.,3.0,0.0,2.0,2.0,30.0,91.0,91.0,0.0,0.0,31.0,0.0009287925696594,0.0,0.0002311070025421,0.00023172285946,0.00095684623481,0.0044280083694224,0.0044280083694224,0.0,0.0,0.0006967857945605,21,0.06666666666666667
explosion/spacy-transformers,Y,744,811,1222,The source code of this project has been organised into different modules in a way that shows the relationship between different files,1,https://github.com/explosion/spacy-transformers/graphs/contributors shows that there are multiple contributors.,1,"The project uses various CI services to compute code coverage, check stylistic violations, etc.",1,There is a well maintained README and majority of the function in https://github.com/explosion/spacy-transformers/blob/master/spacy_transformers/align.py,1.0,Checking https://github.com/explosion/spacy-transformers/pulse/monthly there has been significant commit activity in the past month.,1,"The project maintainers respond to issues, as evidenced by https://github.com/explosion/spacy-transformers/issues/203",1,https://github.com/explosion/spacy-transformers/blob/master/LICENSE is provided,1,There are many files related to testing.,119.0,114.0,62.0,51.0,1340.0,641.0,641.0,45.0,35.0,455.0,0.0368421052631579,0.0848214285714285,0.0071643170788074,0.0059089329162321,0.0427391318215162,0.0311906963164809,0.0311906963164809,0.0237592397043294,0.0381679389312977,0.01022701730726,21,0.6666666666666666
rusty1s/pytorch_scatter,Y,428,749,1357,The source code of this project has been organised into different modules in a way that shows the relationship between different files,1,Multiple contributors: https://github.com/rusty1s/pytorch_scatter/graphs/contributors,1,"The project uses various CI services to compute code coverage, check stylistic violations, etc.",1,"There is a well maintained README, codes are well documented",1.0,Some commits the past month,1,"More closed than open, author responds frequently",1,https://github.com/rusty1s/pytorch_scatter/blob/master/LICENSE,1,There are many files related to testing,0.0,0.0,0.0,0.0,27.0,19.0,19.0,0.0,0.0,84.0,0.0,0.0,0.0,0.0,0.000861161611329,0.0009245292199892,0.0009245292199892,0.0,0.0,0.001888064733648,21,0.9
nlesc/mcfly,Y,279,591,1378,The source code of this project has been organised into different modules in a way that shows the relationship between different files,1,https://github.com/NLeSC/mcfly/graphs/contributors shows that there are multiple contributors,1,The project uses Travis CI and appveyor CI,1,There is a well-maintained documentation,1.0,Little evidence of sustained commit activity,1,"The project maintainers respond to issues, as evidenced by https://github.com/MisaOgura/flashtorch/issues/23 and https://github.com/MisaOgura/flashtorch/issues/24",1,https://github.com/NLeSC/mcfly/blob/master/LICENSE is provided.,1,There are many files related to testing.,18.0,1.0,16.0,11.0,50.0,119.0,119.0,4.0,0.0,137.0,0.0055727554179566,0.0007440476190476,0.0018488560203374,0.0012744757270304,0.0015947437246834,0.0057904724830908,0.0057904724830908,0.0021119324181626,0.0,0.0030793436727354,21,0.4666666666666667
lucidrains/reformer-pytorch,Y,1002,209,1406,The source code of this project has been organised into different modules in a way that shows the relationship between different files,1,https://github.com/lucidrains/reformer-pytorch/graphs/contributors shows that there are multiple contributors,0,CI is not used on the project,1,There is a well-maintained README but Most of the functions in the source code are not documented.,1.0,https://github.com/lsds/KungFu/graphs/commit-activity shows there has been activities in the past few months consistently,1,"The project maintainers respond to issues, as evidenced by https://github.com/lucidrains/reformer-pytorch/issues/107 and https://github.com/lucidrains/reformer-pytorch/issues/106",1,https://github.com/lucidrains/reformer-pytorch/blob/master/LICENSE,0,there is no evidence of any testing done on the project.,127.0,47.0,52.0,48.0,200.0,493.0,493.0,51.0,31.0,725.0,0.0393188854489164,0.034970238095238,0.0060087820660966,0.005561348627042,0.0063789748987337,0.0239891002870906,0.0239891002870906,0.0269271383315733,0.0338058887677208,0.0162957968082715,21,0.36666666666666664
kk7nc/rmdl,Y,336,474,1434,The source code of this project has been organised into different modules in a way that shows the relationship between different files,1,Multiple contributors: https://github.com/kk7nc/RMDL/graphs/contributors,1,"The project uses various CI services to compute code coverage, check stylistic violations, etc.",1,"There is a well maintained README, codes are well documented",1.0,Some commits the past month,1,Author does not respond frequently,1,https://github.com/kk7nc/RMDL/blob/master/LICENSE,0,There is no evidence of any testing done on the project.,19.0,3.0,0.0,0.0,37.0,26.0,26.0,1.0,2.0,84.0,0.0058823529411764,0.0022321428571428,0.0,0.0,0.0011801103562657,0.0012651452484064,0.0012651452484064,0.0005279831045406,0.0021810250817884,0.001888064733648,21,0.13333333333333333
pytorch/builder,Y,112,1367,1511,The source code of this project has been organised into different modules in a way that shows the relationship between different files,1,Multiple contributors: https://github.com/pytorch/builder/graphs/contributors,1,"The project uses various CI services to compute code coverage, check stylistic violations, etc.",1,"There is a well maintained README, codes are well documented",1.0,Consistent commits in the last month,1,"More open than closed, author sometimes replies",1,https://github.com/pytorch/builder/blob/master/LICENSE,1,There are many files related to testing,1.0,0.0,1.0,1.0,0.0,4.0,4.0,0.0,0.0,5.0,0.0003095975232198,0.0,0.000115553501271,0.00011586142973,0.0,0.000194637730524,0.000194637730524,0.0,0.0,0.0001123848055742,21,1.0
alfredfrancis/ai-chatbot-framework,Y,1340,378,1516,The source code of this project has been organised into different modules in a way that shows the relationship between different files,1,https://github.com/alfredfrancis/ai-chatbot-framework/graphs/contributors shows that there are multiple contributors,1,The project uses Travis CI,1,There is a well-maintained documentation,1.0,Evidence of sustained commit activity,1,"The project maintainers respond to issues, as evidenced by https://github.com/alfredfrancis/ai-chatbot-framework/issues/130 and https://github.com/alfredfrancis/ai-chatbot-framework/issues/113 but not recently",1,https://github.com/alfredfrancis/ai-chatbot-framework/blob/master/License.txt is provided.,1,There are files related to testing,16.0,2.0,18.0,15.0,65.0,73.0,73.0,3.0,0.0,92.0,0.004953560371517,0.0014880952380952,0.0020799630228795,0.0017379214459506,0.0020731668420884,0.0035521385820641,0.0035521385820641,0.0015839493136219,0.0,0.0020678804225668,21,0.7
wikipedia2vec/wikipedia2vec,Y,527,279,1570,The source code of the project exists as ad-hoc scripts in folders,1,"1 has significantly more commits than others, 30 contributers",1,CircleCI used,0,not much,1.0,Commits are quite spread out,1,all closed,1,License provided,1,A few,46.0,1.0,20.0,20.0,95.0,142.0,142.0,8.0,0.0,143.0,0.0142414860681114,0.0007440476190476,0.0023110700254217,0.0023172285946008,0.0030300130768985,0.0069096394336042,0.0069096394336042,0.0042238648363252,0.0,0.0032142054394245,19,0.16666666666666666
keunwoochoi/kapre,Y,564,174,1621,The source code of this project has been organised into different modules in a way that shows the relationship between different files,1,Multiple contributors: https://github.com/keunwoochoi/kapre/graphs/contributors,1,"The project uses various CI services to compute code coverage, check stylistic violations, etc.",1,"There is a well maintained README, codes are well documented",0.0,"No commits the past month, active before that",1,"More closed than open, author responds frequently: https://github.com/keunwoochoi/kapre/issues/68",1,https://github.com/keunwoochoi/kapre/blob/master/LICENSE.txt,1,There are many files related to testing.,2.0,0.0,3.0,3.0,155.0,57.0,57.0,5.0,12.0,67.0,0.0006191950464396,0.0,0.0003466605038132,0.0003475842891901,0.0049437055465186,0.0027735876599678,0.0027735876599678,0.0026399155227032,0.0130861504907306,0.0015059563946954,21,0.3
sergionr2/racingrobot,Y,166,301,1630,The source code of this project has been organised into different modules in a way that shows the relationship between different files,1,Multiple contributors: https://github.com/sergionr2/RacingRobot/graphs/contributors,0,No indications of using CI services,1,"There is a well maintained README, codes are well documented",0.0,No commits the past month,1,"More open than closed, author seldom replies",1,https://github.com/sergionr2/RacingRobot/blob/master/LICENSE,1,There are many files related to testing,13.0,2.0,10.0,10.0,74.0,95.0,95.0,3.0,4.0,145.0,0.0040247678018575,0.0014880952380952,0.0011555350127108,0.0011586142973004,0.0023602207125314,0.0046226460999464,0.0046226460999464,0.0015839493136219,0.0043620501635768,0.0032591593616543,21,0.06666666666666667
jeongyoonlee/kaggler,Y,581,198,1659,The source code of this project has been organised into different modules in a way that shows the relationship between different files,1,Multiple contributors: https://github.com/jeongyoonlee/Kaggler/graphs/contributors,1,"The project uses various CI services to compute code coverage, check stylistic violations, etc.",1,"There is a well maintained README, some codes are documented",0.0,No commits in the past month,1,"More closed than open, author does not respond frequently",1,https://github.com/jeongyoonlee/Kaggler/blob/master/LICENSE,1,There are many files related to testing.,34.0,2.0,16.0,15.0,69.0,117.0,117.0,2.0,4.0,360.0,0.0105263157894736,0.0014880952380952,0.0018488560203374,0.0017379214459506,0.0022007463400631,0.0056931536178288,0.0056931536178288,0.0010559662090813,0.0043620501635768,0.0080917060013486,21,0.26666666666666666
aaronward/covidify,Y,422,270,1666,The source code of this project has been organised into different modules in a way that shows the relationship between different files,1,https://github.com/AaronWard/covidify/graphs/contributors shows that there are multiple contributors.,0,CI is not used on the project.,1,There is a well-maintained documentation,1.0,There are only 2 commits in the past month however there seems to be evidence of sustained commit activity as the commits are quite stable,1,"Only project author respond to issues, as evidenced by https://github.com/AaronWard/covidify/issues/9 and https://github.com/AaronWard/covidify/issues/27.",1,https://github.com/AaronWard/covidify/blob/master/LICENSE is provided.,1,There are 2 files related to testing.,6.0,1.0,0.0,0.0,60.0,44.0,44.0,0.0,0.0,168.0,0.0018575851393188,0.0007440476190476,0.0,0.0,0.0019136924696201,0.0021410150357646,0.0021410150357646,0.0,0.0,0.003776129467296,21,0.26666666666666666
nvidia/trtorch,Y,212,266,1687,The source code of this project has been organised into different modules in a way that shows the relationship between different files,1,https://github.com/NVIDIA/TRTorch/graphs/contributors shows that there are multiple contributors,0,CI is not used on the project.,1,There is a well-maintained documentation,1.0,Evidence of sustained commit activity,1,"The project maintainers respond to issues, as evidenced by https://github.com/NVIDIA/TRTorch/issues/98 and https://github.com/NVIDIA/TRTorch/issues/84 but not often",1,https://github.com/NVIDIA/TRTorch/blob/master/LICENSE is provided.,1,There are many files related to testing.,67.0,10.0,486.0,485.0,613.0,940.0,940.0,17.0,18.0,529.0,0.0207430340557275,0.0074404761904761,0.056159001617749,0.0561927934190707,0.019551558064619,0.0457398666731545,0.0457398666731545,0.0089757127771911,0.0196292257360959,0.0118903124297594,21,1.0
mozilla/fathom,Y,1863,1419,1690,The source code of this project has been organised into different modules in a way that shows the relationship between different files,1,https://github.com/mozilla/fathom/graphs/contributors shows there are multiple contributors,1,"The project uses various CI services to compute code coverage, check stylistic violations, etc.",1,There is a README but most of the functions in https://github.com/mozilla/fathom/blob/master/fathom_fox/src/evaluate.js and https://github.com/mozilla/fathom/blob/master/fathom_fox/src/contentScript.js and https://github.com/mozilla/fathom/blob/master/fathom_fox/src/rulesets.js have appropriate docstrings,1.0,https://github.com/mozilla/fathom/graphs/commit-activity shows that there have been activties in the past few months consistently,1,"The project maintainers respond to issues, not so actively, as evidenced by https://github.com/mozilla/fathom/issues/240 and https://github.com/mozilla/fathom/issues/238",1,https://github.com/mozilla/fathom/blob/master/LICENSE,1,There are files related to testing,5.0,0.0,0.0,0.0,0.0,18.0,18.0,0.0,0.0,19.0,0.001547987616099,0.0,0.0,0.0,0.0,0.0008758697873582,0.0008758697873582,0.0,0.0,0.0004270622611822,21,0.6
beringresearch/ivis,Y,199,420,1694,The source code of this project has been organised into different modules in a way that shows the relationship between different files,1,https://github.com/beringresearch/ivis/graphs/contributors shows that there are multiple contributors,1,The project uses Travis CI,1,There is a well-maintained documentation,1.0,Little evidence of sustained commit activity,1,"The project maintainers respond to issues, as evidenced by https://github.com/beringresearch/ivis/issues/61 and https://github.com/beringresearch/ivis/issues/71",1,https://github.com/beringresearch/ivis/blob/master/LICENSE is provided.,1,There are many files related to testing,9.0,0.0,9.0,8.0,73.0,91.0,91.0,2.0,0.0,67.0,0.0027863777089783,0.0,0.0010399815114397,0.0009268914378403,0.0023283258380378,0.0044280083694224,0.0044280083694224,0.0010559662090813,0.0,0.0015059563946954,21,0.26666666666666666
koursaros-ai/nboost,Y,418,1332,1714,The source code of this project has been organised into different modules in a way that shows the relationship between different files,1,Multiple contributors: https://github.com/koursaros-ai/nboost/graphs/contributors,1,"The project uses various CI services to compute code coverage, check stylistic violations, etc.",1,"There is a well maintained README, codes are well documented",0.0,"No commits the past month, active before that",1,"More closed than open, author does not respond frequently",1,https://github.com/koursaros-ai/nboost/blob/master/LICENSE,1,There are many files related to testing.,0.0,0.0,16.0,15.0,13.0,16.0,16.0,0.0,0.0,47.0,0.0,0.0,0.0018488560203374,0.0017379214459506,0.0004146333684176,0.0007785509220962,0.0007785509220962,0.0,0.0,0.0010564171723982,21,0.26666666666666666
cmusatyalab/opentpod,Y,100,219,1774,The source code of this project has been organised into different modules in a way that shows the relationship between different files,0,There are no contributors to the project other than the author.,0,CI is not used on the project,1,There is a well-maintained documentation,1.0,Evidence of sustained commit activity but not stable,1,"Only 1 issue raised by users, the rest raised by author and he/she do reply/closes them",1,https://github.com/cmusatyalab/OpenTPOD/blob/master/LICENSE is provided.,1,Only 1 test file,10.0,0.0,30.0,26.0,128.0,85.0,85.0,0.0,2.0,111.0,0.0030959752321981,0.0,0.0034666050381326,0.0030123971729811,0.0040825439351896,0.0041360517736363,0.0041360517736363,0.0,0.0021810250817884,0.0024949426837491,21,0.1
ownthink/jiagu,Y,1498,102,1780,The source code of this project has been organised into different modules in a way that shows the relationship between different files,1,https://github.com/ownthink/Jiagu/graphs/contributors shows that there are multiple contributors,0,CI is not used on the project,1,There is a well-maintained README and most of the functions in https://github.com/ownthink/Jiagu/blob/master/jiagu/cluster/base.py and https://github.com/ownthink/Jiagu/blob/master/jiagu/cluster/kmeans.py and https://github.com/ownthink/Jiagu/blob/master/jiagu/perceptron.py have appropriate docstrings,1.0,https://github.com/ownthink/Jiagu/graphs/commit-activity shows that there are have been some activities in the past but few in the past month,1,"The project maintainers respond to issues, not so actively, as evidenced by https://github.com/ownthink/Jiagu/issues/50 and https://github.com/ottogroup/palladium/issues/98",1,https://github.com/ownthink/Jiagu/blob/master/license,1,There are many files related to testing,36.0,5.0,22.0,17.0,76.0,152.0,152.0,4.0,2.0,251.0,0.0111455108359133,0.003720238095238,0.0025421770279639,0.0019696443054107,0.0024240104615188,0.0073962337599143,0.0073962337599143,0.0021119324181626,0.0021810250817884,0.0056417172398291,21,0.13333333333333333
mapbox/robosat,Y,1608,147,1863,The source code of this project has been organised into different modules in a way that shows the relationship between different files,1,https://github.com/mapbox/robosat/graphs/contributors shows that there are multiple contributors but mainly 2,1,"The project uses various CI services to compute code coverage, check stylistic violations, etc.",1,"There is a well-maintained README, and the majority of the functions in https://github.com/mapbox/robosat/blob/master/robosat/features/parking.py and https://github.com/mapbox/robosat/blob/master/robosat/losses.py and https://github.com/mapbox/robosat/blob/master/robosat/metrics.py have appropriate docstrings",1.0,https://github.com/mapbox/robosat/graphs/commit-activity shows there have been very few activities in the past few months,1,"The project maintainers respond to issues, as evidenced by https://github.com/mapbox/robosat/issues/207 and https://github.com/mapbox/robosat/issues/206",1,https://github.com/mapbox/robosat/blob/master/LICENSE,1,There are many files related to testing,20.0,2.0,27.0,16.0,73.0,138.0,138.0,9.0,6.0,119.0,0.0061919504643962,0.0014880952380952,0.0031199445343193,0.0018537828756806,0.0023283258380378,0.0067150017030801,0.0067150017030801,0.0047518479408658,0.0065430752453653,0.002674758372668,21,0.36666666666666664
iskandr/fancyimpute,Y,822,193,1864,The source code of the project exists as ad-hoc scripts,1,Multiple contributors: https://github.com/iskandr/fancyimpute/graphs/contributors,1,"The project uses various CI services to compute code coverage, check stylistic violations, etc.",1,"There is a well maintained README, some codes are documented",0.0,"Only one commit the past month, 2 in the past year",1,"More closed than open, author does not respond frequently",1,https://github.com/iskandr/fancyimpute/blob/master/LICENSE,1,There are many files related to testing.,15.0,2.0,11.0,11.0,38.0,111.0,111.0,0.0,3.0,213.0,0.0046439628482972,0.0014880952380952,0.0012710885139819,0.0012744757270304,0.0012120052307594,0.0054011970220427,0.0054011970220427,0.0,0.0032715376226826,0.0047875927174645,18,0.36666666666666664
kan-bayashi/pytorchwavenetvocoder,Y,259,384,1966,The source code of this project has been organised into different modules in a way that shows the relationship between different files,1,Multiple contributors: https://github.com/kan-bayashi/PytorchWaveNetVocoder/graphs/contributors,1,"The project uses various CI services to compute code coverage, check stylistic violations, etc.",1,"There is a well maintained README, codes are well documented",1.0,Some commits the past month,1,More closed issues than open. Project authors respond to issues:https://github.com/kan-bayashi/PytorchWaveNetVocoder/issues/65,1,https://github.com/kan-bayashi/PytorchWaveNetVocoder/blob/master/LICENSE,1,There are many files related to testing.,20.0,6.0,6.0,6.0,103.0,67.0,67.0,2.0,2.0,202.0,0.0061919504643962,0.0044642857142857,0.0006933210076265,0.0006951685783802,0.0032851720728478,0.003260181986278,0.003260181986278,0.0010559662090813,0.0021810250817884,0.0045403461452011,21,0.06666666666666667
greentfrapp/lucent,Y,105,141,1973,The source code of this project has been organised into different modules in a way that shows the relationship between different files,1,https://github.com/greentfrapp/lucent/graphs/contributors that there are multiple contributors.,1,"The project uses various CI services to compute code coverage, check stylistic violations, etc.",1,"There is a well-maintained README, and majority of the functions in https://github.com/greentfrapp/lucent/tree/master/lucent",1.0,Checking https://github.com/greentfrapp/lucent/pulse/monthly there has been significant commit activity in the past month.,1,"The project maintainers respond to issues, as evidenced by https://github.com/graphbrain/graphbrain/issues/17",1,https://github.com/greentfrapp/lucent/blob/master/LICENSE is provided,1,There are few files related to testing.,13.0,24.0,17.0,16.0,79.0,180.0,180.0,31.0,18.0,150.0,0.0040247678018575,0.0178571428571428,0.0019644095216085,0.0018537828756806,0.0025196950849998,0.0087586978735827,0.0087586978735827,0.0163674762407602,0.0196292257360959,0.0033715441672285,21,0.4
timesler/facenet-pytorch,Y,1189,213,2029,Organised but not in modules,1,"1 has significantly more commits than others, but 7 contributers",1,Travis used,1,Documentation mostly in links,0.0,Commit activity not negligible,1,9 open < 56 closed,1,License provided,1,3 tests,9.0,0.0,11.0,11.0,24.0,44.0,44.0,0.0,1.0,245.0,0.0027863777089783,0.0,0.0012710885139819,0.0012744757270304,0.000765476987848,0.0021410150357646,0.0021410150357646,0.0,0.0010905125408942,0.00550685547314,9,0.4666666666666667
tensorflow/serving,Y,4454,4933,2177,Organised but not in modules,1,"1 has significantly more commits than others, but 100 contributers",0,CI is not used on the project.,0,Most of the functions in the source code are not documented.,0.0,Commit activity not negligible,1,67 open << 1086 closed,1,License provided,1,2 tests https://github.com/tensorflow/serving/tree/master/tensorflow_serving/test_util,338.0,11.0,248.0,239.0,1751.0,1125.0,1125.0,12.0,30.0,2081.0,0.1046439628482972,0.0081845238095238,0.0286572683152299,0.0276908817054802,0.0558479252384141,0.0547418617098924,0.0547418617098924,0.0063357972544878,0.0327153762268266,0.0467745560800179,9,1.0
markusproject/markus,Y,208,13542,2188,The source code of this project has been organised into different modules in a way that shows the relationship between different files,1,https://github.com/MarkUsProject/Markus/graphs/contributors shows that there are multiple contributors,1,The project uses Travis CI,1,There is a well-maintained documentation,1.0,Evidence of sustained commit activity,1,"The project maintainers respond to issues, as evidenced by https://github.com/MarkUsProject/Markus/issues/4710 and https://github.com/MarkUsProject/Markus/issues/4473",1,https://github.com/MarkUsProject/Markus/blob/master/LICENSE is provided.,1,There are many files related to testing but its everywhere,6.0,1.0,91.0,71.0,85.0,397.0,397.0,20.0,0.0,93.0,0.0018575851393188,0.0007440476190476,0.010515368615669,0.008226161510833,0.0027110643319618,0.0193177947545131,0.0193177947545131,0.010559662090813,0.0,0.0020903573836817,21,1.0
maybeshewill-cv/crnn_tensorflow,Y,849,263,2209,The source code of this project has been organised into different modules in a way that shows the relationship between different files,1,https://github.com/MaybeShewill-CV/CRNN_Tensorflow/graphs/contributors shows that there are multiple contributors,0,CI is not used on the project.,1,There is a well-maintained documentation,0.0,No evidence of sustained commit activity,1,"The project maintainers respond to issues, as evidenced by https://github.com/MaybeShewill-CV/CRNN_Tensorflow/issues/402 and https://github.com/MaybeShewill-CV/CRNN_Tensorflow/issues/391",1,https://github.com/MaybeShewill-CV/CRNN_Tensorflow/blob/master/LICENSE is provided.,0,There is no evidence of any testing done on the project.,22.0,4.0,9.0,9.0,251.0,110.0,110.0,2.0,16.0,157.0,0.0068111455108359,0.0029761904761904,0.0010399815114397,0.0010427528675703,0.0080056134979108,0.0053525375894117,0.0053525375894117,0.0010559662090813,0.0174482006543075,0.0035288828950325,21,0.26666666666666666
junyanz/pytorch-cyclegan-and-pix2pix,Y,12197,453,2253,The source code of this project has been organised into different modules in a way that shows the relationship between different files,1,Multiple contributors: https://github.com/junyanz/pytorch-CycleGAN-and-pix2pix/graphs/contributors,0,No indications of using CI services,1,"There is a well maintained README, codes are well documented",1.0,Consistent commits in the last month,1,More closed issues than open. Project authors respond to issues:https://github.com/junyanz/pytorch-CycleGAN-and-pix2pix/issues/1084,1,https://github.com/junyanz/pytorch-CycleGAN-and-pix2pix/blob/master/LICENSE,1,There are many files related to testing.,11.0,4.0,30.0,24.0,185.0,179.0,179.0,2.0,21.0,107.0,0.0034055727554179,0.0029761904761904,0.0034666050381326,0.002780674313521,0.0059005517813287,0.0087100384409517,0.0087100384409517,0.0010559662090813,0.0229007633587786,0.0024050348392897,21,1.0
piesposito/blitz-bayesian-deep-learning,Y,133,183,2260,The source code of this project has been organised into different modules in a way that shows the relationship between different files,1,Multiple contributors: https://github.com/piEsposito/blitz-bayesian-deep-learning/graphs/contributors,1,"The project uses various CI services to compute code coverage, check stylistic violations, etc.",1,"There is a well maintained README, codes are well documented",1.0,Some commits the past month,1,"More closed than open, author responds frequently: https://github.com/piEsposito/blitz-bayesian-deep-learning/issues/43",1,https://github.com/piEsposito/blitz-bayesian-deep-learning/blob/master/LICENSE,1,There are many files related to testing,9.0,0.0,35.0,35.0,87.0,153.0,153.0,1.0,9.0,75.0,0.0027863777089783,0.0,0.004044372544488,0.0040551500405515,0.0027748540809491,0.0074448931925453,0.0074448931925453,0.0005279831045406,0.0098146128680479,0.0016857720836142,21,0.4666666666666667
anicolson/deepxi,Y,211,333,2301,The source code of this project has been organised into different modules in a way that shows the relationship between different files,1,https://github.com/anicolson/DeepXi/graphs/contributors shows that there are multiple contributors but 1 only contribute 1 commit,0,CI is not used on the project.,1,There is a well-maintained documentation,1.0,Little evidence of sustained commit activity,1,"The project author respond to issues, as evidenced by https://github.com/anicolson/DeepXi/issues/29 and https://github.com/anicolson/DeepXi/issues/43",1,https://github.com/anicolson/DeepXi/blob/master/LICENSE.txt is provided.,1,There are files related to testing,8.0,2.0,40.0,31.0,317.0,185.0,185.0,0.0,4.0,266.0,0.0024767801857585,0.0014880952380952,0.0046221400508435,0.0035917043216313,0.010110675214493,0.0090019950367378,0.0090019950367378,0.0,0.0043620501635768,0.005978871656552,21,0.06666666666666667
graknlabs/kglib,Y,275,480,2314,The source code of this project has been organised into different modules in a way that shows the relationship between different files,1,https://github.com/graknlabs/kglib/graphs/contributors that there are multiple contributors.,1,"The project uses various CI services to compute code coverage, check stylistic violations, etc.",1,"There is a well-maintained README, and majority of the functions in https://github.com/graknlabs/kglib/tree/master/kglib/kgcn",1.0,Checking https://github.com/graknlabs/kglib/pulse/monthly there has been 3 commit activity in the past month.,1,"The project maintainers respond to issues, as evidenced by https://github.com/graknlabs/kglib/issues/140",1,https://github.com/graknlabs/kglib/blob/master/LICENSE.txt is provided,1,There are few files related to testing.,3.0,0.0,15.0,11.0,30.0,55.0,55.0,0.0,0.0,24.0,0.0009287925696594,0.0,0.0017333025190663,0.0012744757270304,0.00095684623481,0.0026762687947058,0.0026762687947058,0.0,0.0,0.0005394470667565,21,0.3333333333333333
chuyangliu/snake,Y,1151,230,2371,The source code of this project has been organised into different modules in a way that shows the relationship between different files,1,https://github.com/chuyangliu/snake/graphs/contributors shows that there are multiple contributors but mainly 1,1,The project uses Travis CI,1,There is a well-maintained documentation,0.0,No evidence of sustained commit activity,1,"The project maintainers respond to issues, as evidenced by https://github.com/chuyangliu/snake/issues/32 and https://github.com/chuyangliu/snake/issues/34",1,https://github.com/chuyangliu/snake/blob/master/LICENSE.md is provided.,1,There are many files related to testing,12.0,1.0,18.0,8.0,265.0,162.0,162.0,2.0,2.0,174.0,0.0037151702786377,0.0007440476190476,0.0020799630228795,0.0009268914378403,0.0084521417408222,0.0078828280862245,0.0078828280862245,0.0010559662090813,0.0021810250817884,0.0039109912339851,21,0.1
cyberzhg/keras-bert,Y,1747,135,2374,The source code of this project has been organised into different modules in a way that shows the relationship between different files,1,https://github.com/CyberZHG/keras-bert/graphs/contributors shows that there are multiple contributors but mainly author,1,The project uses Travis CI,0,Most of the functions in the source code are not documented.,0.0,No evidence of sustained commit activity,0,"The author of the project does not reply to issues, almost all issues are closed by bot",1,https://github.com/CyberZHG/keras-bert/blob/master/LICENSE is provided.,1,There are many files related to testing.,22.0,5.0,23.0,23.0,165.0,113.0,113.0,5.0,2.0,211.0,0.0068111455108359,0.003720238095238,0.002657730529235,0.0026648128837909,0.0052626542914553,0.0054985158873047,0.0054985158873047,0.0026399155227032,0.0021810250817884,0.0047426387952348,21,0.2
mycroftai/mycroft-precise,Y,367,280,2375,The source code of this project has been organised into different modules in a way that shows the relationship between different files,1,https://github.com/MycroftAI/mycroft-precise/graphs/contributors shows that there are multiple contributors,1,The project uses Jenkins CI,1,There is a well-maintained documentation,1.0,Evidence of sustained commit activity,1,"The project maintainers respond to issues, as evidenced by https://github.com/MisaOgura/flashtorch/issues/23 and https://github.com/MisaOgura/flashtorch/issues/23",1,https://github.com/MycroftAI/mycroft-precise/blob/dev/LICENSE is provided.,1,There are many files related to testing.,4.0,4.0,20.0,13.0,70.0,67.0,67.0,0.0,6.0,32.0,0.0012383900928792,0.0029761904761904,0.0023110700254217,0.0015061985864905,0.0022326412145568,0.003260181986278,0.003260181986278,0.0,0.0065430752453653,0.0007192627556754,21,0.4
deezer/spleeter,Y,12388,257,2404,The source code of this project has been organised into different modules in a way that shows the relationship between different files,1,https://github.com/deezer/spleeter/graphs/contributors shows that there are multiple contributors.,1,"The project uses various CI services to compute code coverage, check stylistic violations, etc.",1,There is a well maintained README and majority of the function in https://github.com/deezer/spleeter/blob/master/spleeter/__main__.py,1.0,Checking https://github.com/deezer/spleeter/pulse/monthly there has been significant commit activity in the past month.,1,"The project maintainers respond to issues, as evidenced by https://github.com/deezer/spleeter/issues/418 and https://github.com/deezer/spleeter/issues/415",1,https://github.com/deezer/spleeter/blob/master/LICENSE is provided,1,There are many files related to testing.,0.0,0.0,1.0,1.0,5.0,13.0,13.0,0.0,0.0,22.0,0.0,0.0,0.000115553501271,0.00011586142973,0.0001594743724683,0.0006325726242032,0.0006325726242032,0.0,0.0,0.0004944931445268,21,0.4666666666666667
explosion/prodigy-recipes,Y,171,103,2472,The source code of the project exists as ad-hoc scripts,1,https://github.com/explosion/prodigy-recipes/graphs/contributors shows that there are multiple contributors.,0,CI is not used on the project.,1,There is a well maintained README and majority of the function in https://github.com/explosion/prodigy-recipes/blob/master/terms/terms_teach.py,1.0,Checking https://github.com/explosion/prodigy-recipes/pulse/monthly there has been 1 commit activity in the past month.,0,There aren't any open issues,1,https://github.com/explosion/prodigy-recipes/blob/master/LICENSE is provided,0,There is no evidence of any testing done on the project.,119.0,114.0,62.0,51.0,1340.0,641.0,641.0,45.0,35.0,455.0,0.0368421052631579,0.0848214285714285,0.0071643170788074,0.0059089329162321,0.0427391318215162,0.0311906963164809,0.0311906963164809,0.0237592397043294,0.0381679389312977,0.01022701730726,18,0.43333333333333335
tensorflow/tcav,Y,374,141,2479,The source code of the project exists as ad-hoc scripts,1,"2 have significantly more commits than others, but 10 contributers",0,CI is not used on the project.,0,Most of the functions in the source code are not documented.,0.0,Commit activity not negligible,1,2 open << 31 closed,1,License provided,0,Doesn't seem to have unit test,338.0,11.0,248.0,239.0,1751.0,1125.0,1125.0,12.0,30.0,2081.0,0.1046439628482972,0.0081845238095238,0.0286572683152299,0.0276908817054802,0.0558479252384141,0.0547418617098924,0.0547418617098924,0.0063357972544878,0.0327153762268266,0.0467745560800179,18,0.5
baldassarrefe/deep-koalarization,Y,349,148,2616,The source code of this project has been organised into different modules in a way that shows the relationship between different files,1,https://github.com/baldassarreFe/deep-koalarization/graphs/contributors shows that there are multiple contributors,0,CI is not used on the project.,1,There is a well-maintained documentation,0.0,No evidence of sustained commit activity,1,"The project maintainers respond to issues, as evidenced by https://github.com/baldassarreFe/deep-koalarization/issues/4 and https://github.com/baldassarreFe/deep-koalarization/issues/14",1,https://github.com/baldassarreFe/deep-koalarization/blob/master/LICENSE is provided.,1,There are many files related to testing,1.0,0.0,17.0,16.0,55.0,41.0,41.0,0.0,0.0,51.0,0.0003095975232198,0.0,0.0019644095216085,0.0018537828756806,0.0017542180971517,0.0019950367378716,0.0019950367378716,0.0,0.0,0.0011463250168577,21,0.13333333333333333
clementpinard/sfmlearner-pytorch,Y,607,113,2622,The source code of the project exists as ad-hoc scripts,1,https://github.com/ClementPinard/SfmLearner-Pytorch/graphs/contributors shows that there are multiple contributors but mainly author,0,CI is not used on the project.,1,There is a well-maintained documentation,0.0,No evidence of sustained commit activity,1,"The project author respond to issues, as evidenced by https://github.com/ClementPinard/SfmLearner-Pytorch/issues/73 and https://github.com/ClementPinard/SfmLearner-Pytorch/issues/77.",1,https://github.com/ClementPinard/SfmLearner-Pytorch/blob/master/LICENSE is provided.,1,There are many files related to testing.,17.0,0.0,13.0,13.0,40.0,65.0,65.0,2.0,5.0,234.0,0.0052631578947368,0.0,0.0015021955165241,0.0015061985864905,0.0012757949797467,0.003162863121016,0.003162863121016,0.0010559662090813,0.0054525627044711,0.0052596089008766,18,0.2
hunglc007/tensorflow-yolov4-tflite,Y,393,121,2670,The source code of this project has been organised into different modules in a way that shows the relationship between different files,1,Multiple contributors: https://github.com/hunglc007/tensorflow-yolov4-tflite/graphs/contributors,1,"The project uses various CI services to compute code coverage, check stylistic violations, etc.",1,"There is a well maintained README, codes are well documented",1.0,"Consistent commits throughout the past month, but hiatus before that",1,"More open issues than closed issues, author does not respond frequently",1,https://github.com/hunglc007/tensorflow-yolov4-tflite/blob/master/LICENSE,0,There is no evidence of any testing done on the project.,338.0,11.0,248.0,239.0,1751.0,1125.0,1125.0,12.0,30.0,2081.0,0.1046439628482972,0.0081845238095238,0.0286572683152299,0.0276908817054802,0.0558479252384141,0.0547418617098924,0.0547418617098924,0.0063357972544878,0.0327153762268266,0.0467745560800179,21,0.36666666666666664
lukemelas/efficientnet-pytorch,Y,4313,111,2682,The source code of this project has been organised into different modules in a way that shows the relationship between different files,1,https://github.com/lukemelas/EfficientNet-PyTorch/graphs/contributors shows that there are multiple contributors,0,CI is not used on the project,1,"There is a well-maintained README, and the majority of the functions in https://github.com/lukemelas/EfficientNet-PyTorch/blob/master/tf_to_pytorch/convert_tf_to_pt/load_tf_weights.py and https://github.com/lukemelas/EfficientNet-PyTorch/blob/master/efficientnet_pytorch/model.py and https://github.com/lukemelas/EfficientNet-PyTorch/blob/master/efficientnet_pytorch/utils.py have appropriate docstrings",1.0,https://github.com/l3p-cv/lost/graphs/commit-activity shows there has been activities in the past few months with 3 commits in the past month,1,"The project maintainers respond to issues, as evidenced by https://github.com/lukemelas/EfficientNet-PyTorch/issues/195 and https://github.com/lukemelas/EfficientNet-PyTorch/issues/190",1,https://github.com/lukemelas/EfficientNet-PyTorch/blob/master/LICENSE,1,One test file,13.0,4.0,22.0,22.0,213.0,129.0,129.0,4.0,24.0,166.0,0.0040247678018575,0.0029761904761904,0.0025421770279639,0.0025489514540609,0.0067936082671514,0.006277066809401,0.006277066809401,0.0021119324181626,0.0261723009814612,0.0037311755450663,21,0.7
videoflow/videoflow,Y,879,504,2693,The source code of this project has been organised into different modules in a way that shows the relationship between different files,1,"1 has significantly more commits than others, 3 contributers",1,Travis used,1,Documentation provided,1.0,Commits are quite spread out,1,15 open < 34 closed,1,License provided,1,A number,338.0,11.0,248.0,239.0,1751.0,1125.0,1125.0,12.0,30.0,2081.0,0.1046439628482972,0.0081845238095238,0.0286572683152299,0.0276908817054802,0.0558479252384141,0.0547418617098924,0.0547418617098924,0.0063357972544878,0.0327153762268266,0.0467745560800179,21,0.36666666666666664
serengil/deepface,Y,288,297,2724,The source code of this project has been organised into different modules in a way that shows the relationship between different files,1,Multiple contributors: https://github.com/serengil/deepface/graphs/contributors,0,No indications of using CI services,1,"There is a README, some codes are documented",1.0,Consistent commits in the last month,0,"One open issue, author did not respond",1,https://github.com/serengil/deepface/blob/master/LICENSE,1,There are many files related to testing,0.0,12.0,2.0,0.0,35.0,49.0,49.0,0.0,0.0,170.0,0.0,0.0089285714285714,0.0002311070025421,0.0,0.0011163206072784,0.0023843121989197,0.0023843121989197,0.0,0.0,0.0038210833895257,21,1.0
silvandeleemput/memcnn,Y,140,268,2739,Not much,1,1-2 active contributers,1,CircleCI used,1,Documentation provided,0.0,Commit activity not negligible,1,4 open << 35 closed,1,License provided,0,Doesn't seem to have unit test,36.0,5.0,49.0,49.0,282.0,195.0,195.0,2.0,21.0,177.0,0.0111455108359133,0.003720238095238,0.0056621215622833,0.0056772100567721,0.0089943546072146,0.009488589363048,0.009488589363048,0.0010559662090813,0.0229007633587786,0.0039784221173297,8,0.13333333333333333
numenta/nupic.torch,Y,103,222,2752,The source code of this project has been organised into different modules in a way that shows the relationship between different files,1,https://github.com/numenta/nupic.torch/graphs/contributors shows there are multiple contributors,1,"The project uses various CI services to compute code coverage, check stylistic violations, etc.",1,There is a well-maintained README and most of the functions in https://github.com/numenta/nupic.torch/blob/master/nupic/torch/models/sparse_cnn.py and https://github.com/numenta/nupic.torch/blob/master/nupic/torch/modules/prunable_sparse_weights.py and https://github.com/numenta/nupic.torch/blob/master/nupic/torch/modules/k_winners.py have appropriate docstrings,1.0,https://github.com/numenta/nupic.torch/graphs/commit-activity shows there are some activities in the past few months,1,"The project maintainers respond to issues, not so actively, as evidenced by https://github.com/numenta/nupic.torch/issues/59 and https://github.com/numenta/nupic.torch/issues/58",1,https://github.com/numenta/nupic.torch/blob/master/LICENSE,1,There are files related to testing,2.0,0.0,50.0,50.0,95.0,144.0,144.0,0.0,6.0,703.0,0.0006191950464396,0.0,0.0057776750635544,0.0057930714865021,0.0030300130768985,0.0070069582988662,0.0070069582988662,0.0,0.0065430752453653,0.0158013036637446,21,0.3
tofunlp/lineflow,Y,152,553,2757,The source code of the project exists as ad-hoc scripts,1,"There is 1 contributor other than the author, but 8 commits only",1,Travis used,0,Most of the functions in the source code are not documented.,1.0,Commits are quite spread out,1,2 open < 29 closed,1,License provided,1,Few,338.0,11.0,248.0,239.0,1751.0,1125.0,1125.0,12.0,30.0,2081.0,0.1046439628482972,0.0081845238095238,0.0286572683152299,0.0276908817054802,0.0558479252384141,0.0547418617098924,0.0547418617098924,0.0063357972544878,0.0327153762268266,0.0467745560800179,18,0.13333333333333333
seannaren/deepspeech.pytorch,Y,1378,436,2787,The source code of this project has been organised into different modules in a way that shows the relationship between different files,1,https://github.com/SeanNaren/deepspeech.pytorch/graphs/contributors shows that there are multiple contributors,0,CI is not used on the project.,1,There is a well-maintained documentation,1.0,Evidence of sustained commit activity but only recently,1,"The project maintainers respond to issues, as evidenced by https://github.com/SeanNaren/deepspeech.pytorch/issues/551 and https://github.com/SeanNaren/deepspeech.pytorch/issues/523",1,https://github.com/SeanNaren/deepspeech.pytorch/blob/master/LICENCE is provided.,1,There are files related to testing but not much,58.0,35.0,31.0,22.0,575.0,417.0,417.0,18.0,46.0,496.0,0.0179566563467492,0.0260416666666666,0.0035821585394037,0.0025489514540609,0.0183395528338595,0.0202909834071334,0.0202909834071334,0.0095036958817317,0.0501635768811341,0.0111485727129692,21,1.0
tensorflow/fairness-indicators,Y,117,136,2818,2 modules,1,"2 have significantly more commits than others, but 11 contributers",0,CI is not used on the project.,1,Documentation provided,0.0,"Recent, Commit activity not negligible",1,all closed,1,License provided,0,Doesn't seem to have unit test,0.0,0.0,7.0,7.0,100.0,58.0,58.0,2.0,2.0,53.0,0.0,0.0,0.0008088745088976,0.0008110300081103,0.0031894874493668,0.0028222470925989,0.0028222470925989,0.0010559662090813,0.0021810250817884,0.0011912789390874,0,0.9333333333333333
hanxiao/bert-as-service,Y,7717,1633,2849,The source code of this project has been organised into different modules in a way that shows the relationship between different files,1,https://github.com/hanxiao/bert-as-service/graphs/contributors that there are multiple contributors.,0,CI is not used on the project.,1,There is a well-maintained README and documentation in https://github.com/hanxiao/bert-as-service/tree/master/docs,1.0,Checking https://github.com/hanxiao/bert-as-service/pulse/monthly there has been significant commit activity in the past month.,1,"The project maintainers respond to issues, as evidenced by https://github.com/hanxiao/bert-as-service/issues/566",1,https://github.com/hanxiao/bert-as-service/blob/master/LICENSE is provided,0,There is no evidence of any testing done on the project.,0.0,0.0,0.0,0.0,15.0,17.0,17.0,1.0,0.0,23.0,0.0,0.0,0.0,0.0,0.000478423117405,0.0008272103547272,0.0008272103547272,0.0005279831045406,0.0,0.0005169701056417,21,1.0
cadene/bootstrap.pytorch,Y,168,231,2866,The source code of this project has been organised into different modules in a way that shows the relationship between different files,1,https://github.com/Cadene/bootstrap.pytorch/graphs/contributors shows that there are multiple contributors but mainly author,1,The project uses Travis CI,1,There is a well-maintained documentation,0.0,No evidence of sustained commit activity,1,The project maintainers did not respond to most of the issues,1,https://github.com/Cadene/bootstrap.pytorch/blob/master/LICENSE.txt is provided.,1,There are many files related to testing.,22.0,5.0,33.0,28.0,84.0,203.0,203.0,3.0,5.0,322.0,0.0068111455108359,0.003720238095238,0.0038132655419459,0.0032441200324412,0.0026791694574681,0.0098778648240961,0.0098778648240961,0.0015839493136219,0.0054525627044711,0.007237581478984,21,0.2
stephenhky/pyshorttextcategorization,Y,382,908,2880,"Many folders, each have a few files inside in https://github.com/stephenhky/PyShortTextCategorization/tree/master/shorttext",1,"1 has significantly more commits than others, but 5 contributers",1,Travis used,1,Documentation mostly in links,0.0,Commit activity not negligible,1,6 open << 32 closed,1,License provided,1,A number of tests,75.0,35.0,45.0,36.0,228.0,286.0,286.0,1.0,19.0,328.0,0.023219814241486,0.0260416666666666,0.0051999075571989,0.0041710114702815,0.0072720313845565,0.0139165977324704,0.0139165977324704,0.0005279831045406,0.0207197382769901,0.0073724432456731,7,0.2
idealo/image-super-resolution,Y,1874,128,2889,The source code of this project has been organised into different modules in a way that shows the relationship between different files,1,Multiple contributors: https://github.com/idealo/image-super-resolution/graphs/contributors,1,"The project uses various CI services to compute code coverage, check stylistic violations, etc.",1,"There is a README, codes are not documented",0.0,"No commits in the past few months, around 12 commits in the last year",1,More closed issues than open. Project authors respond to issues: https://github.com/idealo/image-super-resolution/issues,1,https://github.com/idealo/image-super-resolution/blob/master/LICENSE,1,There are many files related to testing.,21.0,7.0,17.0,10.0,151.0,179.0,179.0,7.0,0.0,452.0,0.0065015479876161,0.0052083333333333,0.0019644095216085,0.0011586142973004,0.0048161260485439,0.0087100384409517,0.0087100384409517,0.0036958817317845,0.0,0.0101595864239154,21,0.26666666666666666
nerox8664/pytorch2keras,Y,532,277,2890,The source code of this project has been organised into different modules in a way that shows the relationship between different files,1,https://github.com/nerox8664/pytorch2keras/graphs/contributors shows there are multiple contributors but mainly 1,1,"The project uses various CI services to compute code coverage, check stylistic violations, etc.",1,There is a well-maintained README and most of the functions in https://github.com/nerox8664/pytorch2keras/blob/master/pytorch2keras/converter.py have appropriate docstrings,1.0,https://github.com/nerox8664/pytorch2keras/graphs/commit-activity shows there are few activities in the past few months,1,"The project maintainers respond to issues, not so actively, as evidenced by https://github.com/nerox8664/pytorch2keras/issues/111 and https://github.com/nerox8664/pytorch2keras/issues/108",1,https://github.com/nerox8664/pytorch2keras/blob/master/LICENSE,1,There are many files related to testing,10.0,1.0,72.0,72.0,161.0,240.0,240.0,0.0,18.0,64.0,0.0030959752321981,0.0007440476190476,0.0083198520915183,0.008342022940563,0.0051350747934806,0.0116782638314437,0.0116782638314437,0.0,0.0196292257360959,0.0014385255113508,21,0.4
liberai/nspm,Y,117,149,2921,The source code of this project has been organised into different modules in a way that shows the relationship between different files,1,https://github.com/tensorflow/nmt/graphs/contributors shows that there are multiple contributors,0,CI is not used on the project.,1,There is a well-maintained documentation,0.0,No evidence of sustained commit activity,0,The maintainers of the project does not reply to issues or close them.,1,https://github.com/LiberAI/NSpM/blob/master/LICENSE is provided.,1,There are files related to testing but everywhere,33.0,2.0,2.0,1.0,62.0,167.0,167.0,5.0,9.0,862.0,0.0102167182662538,0.0014880952380952,0.0002311070025421,0.00011586142973,0.0019774822186074,0.0081261252493795,0.0081261252493795,0.0026399155227032,0.0098146128680479,0.0193751404810069,21,0.43333333333333335
belval/textrecognitiondatagenerator,Y,1269,121,2922,The source code of this project has been organised into different modules in a way that shows the relationship between different files,1,https://github.com/Belval/TextRecognitionDataGenerator/graphs/contributors shows that there are multiple contributors but mainly author,1,The project uses Travis CI,1,There is a well-maintained documentation,0.0,No evidence of sustained commit activity,1,"The project maintainers (mainly author) respond to issues, as evidenced by https://github.com/Belval/TextRecognitionDataGenerator/issues/109 and https://github.com/Belval/TextRecognitionDataGenerator/issues/95.",1,https://github.com/Belval/TextRecognitionDataGenerator/blob/master/LICENSE is provided.,1,There are 2 files related to testing.,21.0,0.0,3.0,3.0,90.0,67.0,67.0,0.0,0.0,52.0,0.0065015479876161,0.0,0.0003466605038132,0.0003475842891901,0.0028705387044301,0.003260181986278,0.003260181986278,0.0,0.0,0.0011688019779725,21,1.0
vita-epfl/monoloco,Y,183,141,2971,Organised but not in modules,1,"2 has significantly more commits than others, but 11 contributers",1,Travis used,1,Documentation provided,1.0,Commits are quite spread out,1,1 open << 11 closed,1,License provided,1,A number,123.0,5.0,21.0,14.0,158.0,206.0,206.0,1.0,20.0,1108.0,0.0380804953560371,0.003720238095238,0.0024266235266928,0.0016220600162206,0.0050393901699996,0.0100238431219891,0.0100238431219891,0.0005279831045406,0.0218102508178844,0.0249044729152618,9,0.13333333333333333
interpretml/dice,Y,289,157,3133,The source code of this project has been organised into different modules in a way that shows the relationship between different files,1,Multiple contributors: https://github.com/interpretml/DiCE/graphs/contributors,1,"The project uses various CI services to compute code coverage, check stylistic violations, etc.",1,"There is a well maintained README, codes are well documented",1.0,Consistent commits in the last month,1,More closed issues than open. Project authors respond to issues: https://github.com/interpretml/DiCE/issues,1,https://github.com/interpretml/DiCE/blob/master/LICENSE,1,There are many files related to testing.,128.0,6.0,71.0,22.0,774.0,474.0,474.0,0.0,19.0,1374.0,0.0396284829721362,0.0044642857142857,0.0082042985902472,0.0025489514540609,0.0246866328580997,0.0230645710671013,0.0230645710671013,0.0,0.0207197382769901,0.0308833445718138,21,0.6333333333333333
tlatkowski/multihead-siamese-nets,Y,117,151,3221,Organised but not in modules,0,"There is 1 contributor other than the author, but 1 commit only",1,Travis used,0,not much,1.0,Commits are quite spread out,0,same no. of open as closed,1,License provided,1,Few,5.0,0.0,22.0,13.0,102.0,117.0,117.0,0.0,0.0,118.0,0.001547987616099,0.0,0.0025421770279639,0.0015061985864905,0.0032532771983542,0.0056931536178288,0.0056931536178288,0.0,0.0,0.0026522814115531,9,0.1
microsoft/forecasting,Y,1205,1218,3262,The source code of this project has been organised into different modules in a way that shows the relationship between different files,1,https://github.com/microsoft/forecasting/graphs/contributors shows that there are multiple contributors,1,"The project uses various CI services to compute code coverage, check stylistic violations, etc.",1,"There is a well-maintained README, and the majority of the functions in https://github.com/microsoft/forecasting/blob/master/fclib/fclib/models/dilated_cnn.py and https://github.com/microsoft/forecasting/blob/master/fclib/fclib/feature_engineering/feature_utils.py and https://github.com/microsoft/forecasting/blob/master/fclib/fclib/azureml/azureml_utils.py have appropriate docstrings",1.0,https://github.com/microsoft/forecasting/graphs/commit-activity shows that there have been some activities in the past few months with a few in the last month.,1,"The project maintainers respond to issues, as evidenced by https://github.com/microsoft/forecasting/issues/213 and https://github.com/microsoft/forecasting/issues/201",1,https://github.com/microsoft/forecasting/blob/master/LICENSE,1,There are many files related to testing,20.0,26.0,1.0,0.0,92.0,98.0,98.0,1.0,1.0,203.0,0.0061919504643962,0.019345238095238,0.000115553501271,0.0,0.0029343284534175,0.0047686243978395,0.0047686243978395,0.0005279831045406,0.0010905125408942,0.004562823106316,21,0.0
bricewalker/hey-jetson,Y,137,307,3314,The source code of this project has been organised into different modules in a way that shows the relationship between different files,1,https://github.com/bricewalker/Hey-Jetson/graphs/contributors shows that there are multiple contributors but mainly 1,0,CI is not used on the project.,1,There is a well-maintained documentation,0.0,No evidence of sustained commit activity,1,"The project maintainers respond to issues, as evidenced by https://github.com/bricewalker/Hey-Jetson/issues/53 and https://github.com/bricewalker/Hey-Jetson/issues/51",1,https://github.com/bricewalker/Hey-Jetson/blob/master/LICENSE is provided.,1,There are many files related to testing,20.0,4.0,8.0,6.0,61.0,101.0,101.0,1.0,0.0,198.0,0.0061919504643962,0.0029761904761904,0.0009244280101687,0.0006951685783802,0.0019455873441138,0.0049146026957325,0.0049146026957325,0.0005279831045406,0.0,0.0044504383007417,21,0.1
google/ml-metadata,Y,152,195,3336,The source code of this project has been organised into different modules in a way that shows the relationship between different files,1,https://github.com/google/ml-metadata/graphs/contributors that there are multiple contributors.,0,CI is not used on the project.,1,"There is a well-maintained README, and documentations in https://github.com/google/ml-metadata/tree/master/g3doc",1.0,Checking https://github.com/google/ml-metadata/pulse/monthly there has been significant commit activity in the past month.,1,"The project maintainers respond to issues, as evidenced by https://github.com/google/ml-metadata/issues/42",1,https://github.com/google/ml-metadata/blob/master/LICENSE is provided,0,There is no evidence of any testing done on the project.,25.0,3.0,22.0,22.0,148.0,168.0,168.0,1.0,0.0,238.0,0.0077399380804953,0.0022321428571428,0.0025421770279639,0.0025489514540609,0.0047204414250629,0.0081747846820106,0.0081747846820106,0.0005279831045406,0.0,0.005349516745336,21,0.5666666666666667
asappresearch/sru,Y,1805,275,3357,The source code of this project has been organised into different modules in a way that shows the relationship between different files,1,https://github.com/asappresearch/sru/graphs/contributors shows that there are multiple contributors,1,The project uses Circle CI,0,Most of the functions in the source code are not documented.,0.0,No evidence of sustained commit activity,1,Open issues more than closed,1,https://github.com/asappresearch/sru/blob/master/LICENSE is provided.,1,There are files related to testing,113.0,3.0,15.0,14.0,200.0,132.0,132.0,5.0,18.0,337.0,0.034984520123839,0.0022321428571428,0.0017333025190663,0.0016220600162206,0.0063789748987337,0.006423045107294,0.006423045107294,0.0026399155227032,0.0196292257360959,0.0075747358957069,21,0.5
ha0tang/attentiongan,Y,214,216,3360,The source code of this project has been organised into different modules in a way that shows the relationship between different files,0,There are no contributors to the project other than the author.,0,CI is not used on the project.,1,There is a well-maintained documentation,0.0,No evidence of sustained commit activity,1,"The project author respond to issues, as evidenced by https://github.com/Ha0Tang/AttentionGAN/issues/12 and https://github.com/Ha0Tang/AttentionGAN/issues/11",1,https://github.com/Ha0Tang/AttentionGAN/blob/master/LICENSE.md is provided.,1,There are files related to testing but its everywhere,13.0,10.0,48.0,40.0,263.0,242.0,242.0,3.0,19.0,213.0,0.0040247678018575,0.0074404761904761,0.0055465680610122,0.0046344571892017,0.0083883519918349,0.0117755826967057,0.0117755826967057,0.0015839493136219,0.0207197382769901,0.0047875927174645,21,0.06666666666666667
faustomorales/keras-ocr,Y,604,149,3377,The source code of the project exists as ad-hoc scripts,1,https://github.com/faustomorales/keras-ocr/graphs/contributors shows that there are multiple contributors.,1,"The project uses various CI services to compute code coverage, check stylistic violations, etc.",1,There is a well maintained README and documentation at https://github.com/faustomorales/keras-ocr/tree/master/docs,1.0,Checking https://github.com/faustomorales/keras-ocr/pulse/monthly there has been 1 commit activity in the past month.,1,"The project maintainers respond to issues, as evidenced by https://github.com/faustomorales/keras-ocr/issues/93",1,https://github.com/faustomorales/keras-ocr/blob/master/LICENSE is provided,1,There are many files related to testing.,9.0,0.0,2.0,0.0,31.0,12.0,12.0,0.0,1.0,19.0,0.0027863777089783,0.0,0.0002311070025421,0.0,0.0009887411093037,0.0005839131915721,0.0005839131915721,0.0,0.0010905125408942,0.0004270622611822,18,0.5666666666666667
alvinwan/neural-backed-decision-trees,Y,280,702,3383,The source code of the project exists as ad-hoc scripts,1,https://github.com/alvinwan/neural-backed-decision-trees/graphs/contributors shows that there are multiple contributors,0,CI is not used on the project.,1,There is a well-maintained documentation,1.0,Little evidence of sustained commit activity,0,The maintainers of the project does not reply to issues or close them.,1,https://github.com/alvinwan/neural-backed-decision-trees/blob/master/LICENSE is provided.,1,There are files related to testing,119.0,114.0,62.0,51.0,1340.0,641.0,641.0,45.0,35.0,455.0,0.0368421052631579,0.0848214285714285,0.0071643170788074,0.0059089329162321,0.0427391318215162,0.0311906963164809,0.0311906963164809,0.0237592397043294,0.0381679389312977,0.01022701730726,18,0.4
jettify/pytorch-optimizer,Y,871,219,3420,The source code of this project has been organised into different modules in a way that shows the relationship between different files,1,Multiple contributors: https://github.com/jettify/pytorch-optimizer/graphs/contributors,1,"The project uses various CI services to compute code coverage, check stylistic violations, etc.",1,"There is a well maintained README, some codes are documented",1.0,Consistent commits in the last month,1,More closed issues than open. Project authors respond to issues: https://github.com/jettify/pytorch-optimizer/issues/137,1,https://github.com/jettify/pytorch-optimizer/blob/master/LICENSE,1,There are many files related to testing.,2.0,13.0,2.0,1.0,22.0,33.0,33.0,2.0,1.0,31.0,0.0006191950464396,0.009672619047619,0.0002311070025421,0.00011586142973,0.0007016872388607,0.0016057612768235,0.0016057612768235,0.0010559662090813,0.0010905125408942,0.0006967857945605,21,0.8666666666666667
arogozhnikov/einops,Y,833,199,3449,The source code of this project has been organised into different modules in a way that shows the relationship between different files,1,https://github.com/arogozhnikov/einops/graphs/contributors shows that there are multiple contributors but mainly 1,1,The project uses Travis CI,1,There is a well-maintained documentation,0.0,No evidence of sustained commit activity,1,Open issues more than closed,1,https://github.com/arogozhnikov/einops/blob/master/LICENSE is provided.,1,There are files related to testing,0.0,0.0,1.0,1.0,4.0,5.0,5.0,1.0,0.0,4.0,0.0,0.0,0.000115553501271,0.00011586142973,0.0001275794979746,0.000243297163155,0.000243297163155,0.0005279831045406,0.0,8.990784445942908e-05,21,0.8
maybeshewill-cv/lanenet-lane-detection,Y,1114,148,3461,The source code of this project has been organised into different modules in a way that shows the relationship between different files,1,https://github.com/MaybeShewill-CV/lanenet-lane-detection/graphs/contributors shows that there are multiple contributors but mainly 1,0,CI is not used on the project.,1,There is a well-maintained documentation,0.0,No evidence of sustained commit activity,1,"The project maintainers respond to issues, as evidenced by https://github.com/MaybeShewill-CV/lanenet-lane-detection/issues/419 and https://github.com/MaybeShewill-CV/lanenet-lane-detection/issues/410",1,https://github.com/MaybeShewill-CV/lanenet-lane-detection/blob/master/LICENSE is provided.,1,There are files related to testing.,119.0,114.0,62.0,51.0,1340.0,641.0,641.0,45.0,35.0,455.0,0.0368421052631579,0.0848214285714285,0.0071643170788074,0.0059089329162321,0.0427391318215162,0.0311906963164809,0.0311906963164809,0.0237592397043294,0.0381679389312977,0.01022701730726,21,0.16666666666666666
arogozhnikov/hep_ml,Y,126,331,3507,The source code of this project has been organised into different modules in a way that shows the relationship between different files,1,https://github.com/arogozhnikov/hep_ml/graphs/contributors shows that there are multiple contributors but mainly 1,1,The project uses Travis CI,1,There is a well-maintained documentation,0.0,No evidence of sustained commit activity,0,Do reply to issues last time but not recently and not often,1,https://github.com/arogozhnikov/hep_ml/blob/master/LICENSE is provided.,1,There are many files related to testing,17.0,5.0,49.0,49.0,109.0,324.0,324.0,6.0,0.0,367.0,0.0052631578947368,0.003720238095238,0.0056621215622833,0.0056772100567721,0.0034765413198099,0.015765656172449,0.015765656172449,0.0031678986272439,0.0,0.0082490447291526,21,0.3333333333333333
interpretml/interpret-text,Y,107,135,3659,The source code of this project has been organised into different modules in a way that shows the relationship between different files,1,Multiple contributors: https://github.com/interpretml/interpret-text/graphs/contributors,1,"The project uses various CI services to compute code coverage, check stylistic violations, etc.",1,"There is a well maintained README, codes are well documented",1.0,Consistent commits in the last month,1,"More open issues than closed issues, author does not respond frequently",1,https://github.com/interpretml/interpret-text/blob/master/LICENSE,1,There are many files related to testing.,9.0,7.0,29.0,21.0,179.0,163.0,163.0,3.0,13.0,181.0,0.0027863777089783,0.0052083333333333,0.0033510515368615,0.0024330900243309,0.0057091825343667,0.0079314875188555,0.0079314875188555,0.0015839493136219,0.0141766630316248,0.0040683299617891,21,0.6
vespa-engine/sample-apps,Y,102,1288,3673,The source code of this project has been organised into different modules in a way that shows the relationship between different files,1,around 14 have significant contributions,1,Travis used,1,Documentation provided,0.0,"Recent, Commit activity not negligible",0,no issues,1,License provided,0,Doesn't seem to have unit test,57.0,5.0,14.0,12.0,242.0,285.0,285.0,3.0,36.0,580.0,0.0176470588235294,0.003720238095238,0.0016177490177952,0.0013903371567605,0.0077185596274678,0.0138679382998394,0.0138679382998394,0.0015839493136219,0.0392584514721919,0.0130366374466172,21,1.0
bitextor/bitextor,Y,140,2578,3705,The source code of this project has been organised into different modules in a way that shows the relationship between different files,1,https://github.com/bitextor/bitextor/graphs/contributors shows that there are multiple contributors,0,CI is not used on the project.,1,There is a well-maintained documentation,1.0,Evidence of sustained commit activity until recently,1,"The project maintainers respond to issues, as evidenced by https://github.com/bitextor/bitextor/issues/169 and https://github.com/bitextor/bitextor/issues/175",1,https://github.com/bitextor/bitextor/blob/master/document-aligner/LICENSE is provided.,1,There are files related to testing,8.0,1.0,2.0,2.0,33.0,44.0,44.0,0.0,4.0,208.0,0.0024767801857585,0.0007440476190476,0.0002311070025421,0.00023172285946,0.001052530858291,0.0021410150357646,0.0021410150357646,0.0,0.0043620501635768,0.0046752079118903,21,0.7666666666666666
persephone-tools/persephone,Y,114,1182,3791,The source code of this project has been organised into different modules in a way that shows the relationship between different files,1,https://github.com/persephone-tools/persephone/graphs/contributors shows that there are 4 contributors but mainly 2,1,"The project uses various CI services to compute code coverage, check stylistic violations, etc.",1,There is a well-maintained README and most of the functions in https://github.com/persephone-tools/persephone/blob/master/persephone/corpus_reader.py and https://github.com/persephone-tools/persephone/blob/master/persephone/corpus.py and https://github.com/persephone-tools/persephone/blob/master/persephone/results.py have appropriate docstrings,1.0,https://github.com/persephone-tools/persephone/graphs/commit-activity shows that there are have been few activities in the past but some activities in the past month,1,"The project maintainers respond to issues, not so actively, as evidenced by https://github.com/persephone-tools/persephone/issues/234 and https://github.com/persephone-tools/persephone/issues/231",1,https://github.com/persephone-tools/persephone/blob/master/LICENSE,1,There are many files related to testing,3.0,1.0,6.0,5.0,18.0,43.0,43.0,0.0,0.0,23.0,0.0009287925696594,0.0007440476190476,0.0006933210076265,0.0005793071486502,0.000574107740886,0.0020923556031336,0.0020923556031336,0.0,0.0,0.0005169701056417,21,0.16666666666666666
huggingface/neuralcoref,Y,1971,110,3814,"Poorly organized, general naming convention, doesn't explain modules",1,Multiple contributors: https://github.com/huggingface/neuralcoref/graphs/contributors,0,No indications of using CI services,1,"There is a well maintained README, but no documentation on README",0.0,"No commits in the past few months, around 12 commits in the last year",1,Author actively replies to issues,1,https://github.com/huggingface/neuralcoref/blob/master/LICENSE.txt,1,Only 1 test file,33.0,14.0,165.0,137.0,441.0,630.0,630.0,14.0,5.0,499.0,0.0102167182662538,0.0104166666666666,0.0190663277097296,0.0158730158730158,0.0140656396517079,0.0306554425575397,0.0306554425575397,0.0073917634635691,0.0054525627044711,0.0112160035963137,15,0.6
feedly/transfer-nlp,Y,281,465,3827,The source code of this project has been organised into different modules in a way that shows the relationship between different files,1,https://github.com/feedly/transfer-nlp/graphs/contributors shows that there are multiple contributors.,1,"The project uses various CI services to compute code coverage, check stylistic violations, etc.",1,There is a well maintained README and documentation at https://github.com/feedly/transfer-nlp/tree/master/docs,0.0,There is no commit in the past month,0,The author of the project does not reply to issues or close them.,1,https://github.com/feedly/transfer-nlp/blob/master/LICENSE is provided,1,There are many files related to testing.,0.0,0.0,5.0,5.0,73.0,13.0,13.0,1.0,0.0,25.0,0.0,0.0,0.0005777675063554,0.0005793071486502,0.0023283258380378,0.0006325726242032,0.0006325726242032,0.0005279831045406,0.0,0.0005619240278714,21,0.2
ultralytics/yolov3,Y,5006,2522,3830,Organised but not in modules,1,"1 has significantly more commits than others, but 33 contributers",0,CI is not used on the project.,0,not much,0.0,"Recent, Commit activity not negligible",1,104 open << 1164 closed,1,License provided,1,1,1.0,0.0,12.0,11.0,5.0,25.0,25.0,0.0,1.0,54.0,0.0003095975232198,0.0,0.001386642015253,0.0012744757270304,0.0001594743724683,0.0012164858157753,0.0012164858157753,0.0,0.0010905125408942,0.0012137559002022,9,1.0
ultralytics/yolov5,Y,2329,200,3842,Organised but not in modules,1,"1 has significantly more commits than others, but 11 contributers",0,CI is not used on the project.,1,Tutorials provided,0.0,"Recent, Commit activity not negligible",1,139 open > 105 closed,1,License provided,1,1,2.0,0.0,12.0,11.0,10.0,27.0,27.0,0.0,2.0,63.0,0.0006191950464396,0.0,0.001386642015253,0.0012744757270304,0.0003189487449366,0.0013138046810374,0.0013138046810374,0.0,0.0021810250817884,0.001416048550236,9,1.0
nyanp/nyaggle,Y,146,350,3871,The source code of this project has been organised into different modules in a way that shows the relationship between different files,1,https://github.com/nyanp/nyaggle/graphs/contributors shows there are multiple contributors but mainly 1,0,CI is not used on the project,1,There is a well-maintained README and most of the functions in https://github.com/nyanp/nyaggle/blob/master/nyaggle/feature_store/feature_store.py and https://github.com/nyanp/nyaggle/blob/master/nyaggle/ensemble/averaging.py and https://github.com/nyanp/nyaggle/blob/master/nyaggle/feature/nlp/bert.py have appropriate docstrings,1.0,https://github.com/nyanp/nyaggle/graphs/commit-activity shows there are few activities in the past few months,1,"The project maintainers respond to issues, not so actively, as evidenced by https://github.com/nyanp/nyaggle/issues/69 and https://github.com/nyanp/nyaggle/issues/67",1,https://github.com/nyanp/nyaggle/blob/master/LICENSE,1,There are many files related to testing,9.0,1.0,1.0,1.0,41.0,56.0,56.0,0.0,1.0,118.0,0.0027863777089783,0.0007440476190476,0.000115553501271,0.00011586142973,0.0013076898542404,0.0027249282273368,0.0027249282273368,0.0,0.0010905125408942,0.0026522814115531,21,0.3
microsoft/tf2-gnn,Y,188,147,4049,The source code of this project has been organised into different modules in a way that shows the relationship between different files,1,https://github.com/microsoft/tf2-gnn/graphs/contributors show that there are 3 contributors,1,"The project uses various CI services to compute code coverage, check stylistic violations, etc.",1,"There is a well-maintained README, and the majority of the functions in https://github.com/microsoft/tf2-gnn/blob/master/tf2_gnn/layers/gnn.py and https://github.com/microsoft/tf2-gnn/blob/master/tf2_gnn/models/graph_task_model.py and https://github.com/microsoft/tf2-gnn/blob/master/tf2_gnn/layers/nodes_to_graph_representation.py have appropriate docstrings",1.0,https://github.com/microsoft/tf2-gnn/graphs/commit-activity show that there have been significant amount of activities in the past few months consistently,0,The author of the project does not reply to issues or close them.,1,https://github.com/microsoft/tf2-gnn/blob/master/LICENSE,1,There are many files related to testing,7.0,1.0,0.0,0.0,10.0,6.0,6.0,1.0,0.0,16.0,0.0021671826625387,0.0007440476190476,0.0,0.0,0.0003189487449366,0.000291956595786,0.000291956595786,0.0005279831045406,0.0,0.0003596313778377,21,0.1
geyang/ml_logger,Y,113,531,4072,The source code of this project has been organised into different modules in a way that shows the relationship between different files,1,https://github.com/geyang/ml_logger/graphs/contributors that there are multiple contributors.,0,CI is not used on the project.,1,There is a well maintained README and documentations at https://github.com/geyang/ml_logger/tree/master/ml_logger/docs,0.0,There is no commit in the past month,1,"The project maintainers respond to issues, as evidenced by https://github.com/geyang/ml_logger/issues/28",1,https://github.com/geyang/ml_logger/blob/master/LICENSE.md is provided,1,There are many files related to testing.,1.0,2.0,10.0,5.0,37.0,60.0,60.0,2.0,0.0,25.0,0.0003095975232198,0.0014880952380952,0.0011555350127108,0.0005793071486502,0.0011801103562657,0.0029195659578609,0.0029195659578609,0.0010559662090813,0.0,0.0005619240278714,21,0.16666666666666666
michaelhush/m-loop,Y,127,370,4091,The source code of this project has been organised into different modules in a way that shows the relationship between different files,1,https://github.com/michaelhush/M-LOOP/graphs/contributors shows that there are multiple contributors,1,"The project uses various CI services to compute code coverage, check stylistic violations, etc.",1,"There is a well-maintained README, and the majority of the functions in https://github.com/michaelhush/M-LOOP/blob/master/mloop/interfaces.py and https://github.com/michaelhush/M-LOOP/blob/master/mloop/controllers.py and https://github.com/michaelhush/M-LOOP/blob/master/mloop/neuralnet.py have appropriate docstrings",1.0,https://github.com/michaelhush/M-LOOP/graphs/commit-activity shows that there have been activities in the past month,1,"The project maintainers respond to issues, as evidenced by https://github.com/michaelhush/M-LOOP/issues/40 and https://github.com/michaelhush/M-LOOP/issues/38",1,https://github.com/michaelhush/M-LOOP/blob/master/LICENSE.txt,1,There are many files related to testing,6.0,8.0,14.0,10.0,110.0,98.0,98.0,1.0,2.0,55.0,0.0018575851393188,0.0059523809523809,0.0016177490177952,0.0011586142973004,0.0035084361943035,0.0047686243978395,0.0047686243978395,0.0005279831045406,0.0021810250817884,0.0012362328613171,21,0.3
tiiiger/qpytorch,Y,100,223,4123,The source code of this project has been organised into different modules in a way that shows the relationship between different files,1,https://github.com/Tiiiger/QPyTorch/graphs/contributors shows that there are multiple contributors but mainly 1,0,CI is not used on the project.,1,There is a well-maintained documentation,0.0,No evidence of sustained commit activity,1,"The project author respond to issues, as evidenced by https://github.com/Tiiiger/QPyTorch/issues/31 and https://github.com/Tiiiger/QPyTorch/issues/21",1,https://github.com/Tiiiger/QPyTorch/blob/master/LICENSE is provided.,1,There are many files related to testing,7.0,31.0,82.0,63.0,141.0,159.0,159.0,6.0,12.0,148.0,0.0021671826625387,0.0230654761904761,0.0094753871042292,0.0072992700729927,0.0044971773036073,0.0077368497883314,0.0077368497883314,0.0031678986272439,0.0130861504907306,0.0033265902449988,21,0.3
as-ideas/transformertts,Y,360,421,4195,The source code of this project has been organised into different modules in a way that shows the relationship between different files,1,https://github.com/as-ideas/TransformerTTS/graphs/contributors shows that there are multiple contributors,0,CI is not used on the project.,1,There is a well-maintained documentation,1.0,Evidence of sustained commit activity,1,"The project maintainers respond to issues, as evidenced by https://github.com/as-ideas/TransformerTTS/issues/33 and https://github.com/as-ideas/TransformerTTS/issues/34 but not often",1,https://github.com/as-ideas/TransformerTTS/blob/master/LICENSE is provided.,1,There are files related to testing,54.0,5.0,118.0,116.0,448.0,499.0,499.0,2.0,65.0,860.0,0.0167182662538699,0.003720238095238,0.0136353131499884,0.0134399258486849,0.0142889037731636,0.0242810568828767,0.0242810568828767,0.0010559662090813,0.0708833151581243,0.0193301865587772,21,0.16666666666666666
microsoft/adaptivecards,Y,745,2653,4318,The source code of this project has been organised into different modules in a way that shows the relationship between different files,1,https://github.com/microsoft/AdaptiveCards/graphs/contributors shows that there are multiple contributors,0,CI is not used on the project,1,There is a well-maintained README but most of the functions in the source code are not documented.,1.0,https://github.com/microsoft/AdaptiveCards/graphs/commit-activity shows that there have been a siginificant amount of activities in the past few months consistently,1,"The project maintainers respond to issues, as evidenced by https://github.com/microsoft/AdaptiveCards/issues/4311 and https://github.com/microsoft/AdaptiveCards/issues/4301",1,https://github.com/microsoft/AdaptiveCards/blob/main/LICENSE,0,there is no evidence of any testing done on the project.,0.0,0.0,0.0,0.0,0.0,0.0,0.0,0.0,0.0,0.0,0.0,0.0,0.0,0.0,0.0,0.0,0.0,0.0,0.0,0.0,21,1.0
brikerman/kashgari,Y,1697,838,4420,The source code of this project has been organised into different modules in a way that shows the relationship between different files,1,https://github.com/BrikerMan/Kashgari/graphs/contributors shows that there are multiple contributors but mainly author,1,The project uses Azure Pipeline for CI,1,There is a well-maintained documentation,1.0,Evidence of sustained commit activity,1,"The project maintainers (mainly author) respond to issues, as evidenced by https://github.com/BrikerMan/Kashgari/issues/394 and https://github.com/BrikerMan/Kashgari/issues/387.",1,https://github.com/BrikerMan/Kashgari/blob/v2-trunk/LICENSE is provided.,1,There are many files related to testing.,5.0,2.0,19.0,18.0,16.0,33.0,33.0,0.0,0.0,32.0,0.001547987616099,0.0014880952380952,0.0021955165241506,0.0020855057351407,0.0005103179918987,0.0016057612768235,0.0016057612768235,0.0,0.0,0.0007192627556754,21,0.6666666666666666
maif/melusine,Y,171,320,4435,The source code of this project has been organised into different modules in a way that shows the relationship between different files,1,https://github.com/MAIF/melusine/graphs/contributors shows that there are multiple contributors,1,The project uses Travis CI,1,There is a well-maintained documentation,1.0,Little evidence of sustained commit activity,1,"The project maintainers respond to issues, as evidenced by https://github.com/MAIF/melusine/issues/1 and https://github.com/MAIF/melusine/issues/5 however there are only 4 issues raised in total",1,https://github.com/MAIF/melusine/blob/master/LICENSE is provided.,1,There are many files related to testing.,28.0,7.0,10.0,9.0,82.0,144.0,144.0,0.0,0.0,321.0,0.0086687306501548,0.0052083333333333,0.0011555350127108,0.0010427528675703,0.0026153797084808,0.0070069582988662,0.0070069582988662,0.0,0.0,0.0072151045178691,21,0.7666666666666666
joeynmt/joeynmt,Y,318,530,4470,The source code of this project has been organised into different modules in a way that shows the relationship between different files,1,Multiple contributors: https://github.com/joeynmt/joeynmt/graphs/contributors,1,"The project uses various CI services to compute code coverage, check stylistic violations, etc.",1,"There is a well maintained README, some codes are documented",1.0,Consistent commits in the last month,1,"More closed than open, author does not respond frequently",1,https://github.com/joeynmt/joeynmt/blob/master/LICENSE,1,There are many files related to testing.,5.0,2.0,18.0,18.0,165.0,95.0,95.0,3.0,6.0,145.0,0.001547987616099,0.0014880952380952,0.0020799630228795,0.0020855057351407,0.0052626542914553,0.0046226460999464,0.0046226460999464,0.0015839493136219,0.0065430752453653,0.0032591593616543,21,0.9666666666666667
sujit-o/pykg2vec,Y,185,1304,4522,The source code of this project has been organised into different modules in a way that shows the relationship between different files,1,https://github.com/Sujit-O/pykg2vec/graphs/contributors shows that there are multiple contributors,1,The project uses Travis and Circle CI,1,There is a well-maintained documentation,1.0,Little evidence of sustained commit activity,1,"The project maintainers respond to issues, as evidenced by https://github.com/StanfordVL/MinkowskiEngine/issues/150 and https://github.com/StanfordVL/MinkowskiEngine/issues/165",1,https://github.com/Sujit-O/pykg2vec/blob/master/LICENSE is provided.,1,There are many files related to testing,45.0,9.0,63.0,48.0,806.0,316.0,316.0,1.0,4.0,357.0,0.0139318885448916,0.0066964285714285,0.0072798705800785,0.005561348627042,0.0257072688418971,0.0153763807114009,0.0153763807114009,0.0005279831045406,0.0043620501635768,0.008024275118004,21,0.26666666666666666
mlmed/torchxrayvision,Y,128,118,4530,The source code of this project has been organised into different modules in a way that shows the relationship between different files,1,https://github.com/mlmed/torchxrayvision/graphs/contributors shows there are multiple contributors but mainly 1,0,CI is not used on the project,1,There is a well-maintained README but most of the functions in the source code are not documented.,1.0,https://github.com/mlmed/torchxrayvision/graphs/commit-activity shows that there have been some activities in the past months.,1,"The project maintainers respond to issues, as evidenced by https://github.com/mlmed/torchxrayvision/issues/21 and https://github.com/mlmed/torchxrayvision/issues/13",1,https://github.com/mlmed/torchxrayvision/blob/master/LICENSE,1,One test file,119.0,114.0,62.0,51.0,1340.0,641.0,641.0,45.0,35.0,455.0,0.0368421052631579,0.0848214285714285,0.0071643170788074,0.0059089329162321,0.0427391318215162,0.0311906963164809,0.0311906963164809,0.0237592397043294,0.0381679389312977,0.01022701730726,21,0.3333333333333333
ciphey/ciphey,Y,111,774,4542,The source code of this project has been organised into different modules in a way that shows the relationship between different files,1,https://github.com/Ciphey/Ciphey/graphs/contributors shows that there are multiple contributors but mainly author,1,The project uses CI but not sure what is it,0,Most of the functions in the source code are not documented.,0.0,No evidence of sustained commit activity until recent 2 months,1,"The project maintainers respond to issues, as evidenced by https://github.com/Ciphey/Ciphey/issues/118 and https://github.com/Ciphey/Ciphey/issues/117.",1,https://github.com/Ciphey/Ciphey/blob/master/license is provided.,1,There are many files related to testing.,1.0,0.0,2.0,2.0,4.0,83.0,83.0,0.0,0.0,1.0,0.0003095975232198,0.0,0.0002311070025421,0.00023172285946,0.0001275794979746,0.0040387329083742,0.0040387329083742,0.0,0.0,2.247696111485727e-05,21,1.0
molecularsets/moses,Y,336,207,4587,The source code of this project has been organised into different modules in a way that shows the relationship between different files,1,https://github.com/molecularsets/moses/graphs/contributors shows there are multiple contributors,1,"The project uses various CI services to compute code coverage, check stylistic violations, etc.",1,There is a well-maintained README but most of the functions in the source code are not documented.,1.0,https://github.com/molecularsets/moses/graphs/commit-activity shows that there have been few activities in the past months.,1,"The project maintainers respond to issues, as evidenced by https://github.com/molecularsets/moses/issues/71 and https://github.com/molecularsets/moses/issues/69",1,https://github.com/molecularsets/moses/blob/master/LICENSE,1,There are files related to testing,67.0,2.0,31.0,21.0,165.0,212.0,212.0,5.0,22.0,248.0,0.0207430340557275,0.0014880952380952,0.0035821585394037,0.0024330900243309,0.0052626542914553,0.0103157997177752,0.0103157997177752,0.0026399155227032,0.0239912758996728,0.0055742863564846,21,0.6
petrochukm/pytorch-nlp,Y,1725,408,4596,The source code of this project has been organised into different modules in a way that shows the relationship between different files,1,https://github.com/PetrochukM/PyTorch-NLP/graphs/contributors shows that there are multiple contributors but mainly 1,1,The project uses Travis CI,1,There is a well-maintained documentation,0.0,No evidence of sustained commit activity,1,"The project maintainers (mainly 1 person) respond to issues, as evidenced by https://github.com/PetrochukM/PyTorch-NLP/issues/89 and https://github.com/PetrochukM/PyTorch-NLP/issues/71",1,https://github.com/PetrochukM/PyTorch-NLP/blob/master/LICENSE is provided.,1,There are many files related to testing.,131.0,26.0,44.0,42.0,161.0,356.0,356.0,3.0,29.0,331.0,0.0405572755417956,0.019345238095238,0.0050843540559278,0.0048661800486618,0.0051350747934806,0.0173227580166415,0.0173227580166415,0.0015839493136219,0.0316248636859323,0.0074398741290177,21,0.5333333333333333
ria-com/nomeroff-net,Y,225,452,4626,The source code of this project has been organised into different modules in a way that shows the relationship between different files,1,Multiple contributors: https://github.com/ria-com/nomeroff-net/graphs/contributors,0,No indications of using CI services,1,"There is a well maintained README, codes are well documented",0.0,No commits the past month,1,"More closed than open, author does not respond frequently",1,https://github.com/ria-com/nomeroff-net/blob/master/LICENSE,1,There are many files related to testing,13.0,3.0,12.0,12.0,86.0,38.0,38.0,0.0,1.0,84.0,0.0040247678018575,0.0022321428571428,0.001386642015253,0.0013903371567605,0.0027429592064555,0.0018490584399785,0.0018490584399785,0.0,0.0010905125408942,0.001888064733648,21,0.26666666666666666
frankkramer-lab/miscnn,Y,120,317,4637,The source code of this project has been organised into different modules in a way that shows the relationship between different files,0,There are no contributors to the project other than the author.,1,"The project uses various CI services to compute code coverage, check stylistic violations, etc.",1,There is a well maintained README and documentations at https://github.com/frankkramer-lab/MIScnn/tree/master/docs,1.0,Checking https://github.com/frankkramer-lab/MIScnn/pulse/monthly there has been significant commit activity in the past month.,1,"The project maintainers respond to issues, as evidenced by https://github.com/frankkramer-lab/MIScnn/issues/29",1,https://github.com/frankkramer-lab/MIScnn/blob/master/LICENSE.md is provided,1,There are many files related to testing.,21.0,7.0,47.0,39.0,641.0,488.0,488.0,10.0,1.0,624.0,0.0065015479876161,0.0052083333333333,0.0054310145597411,0.0045185957594716,0.0204446145504417,0.0237458031239355,0.0237458031239355,0.0052798310454065,0.0010905125408942,0.0140256237356709,21,0.23333333333333334
fizyr/keras-retinanet,Y,3815,1069,4646,The source code of this project has been organised into different modules in a way that shows the relationship between different files,1,https://github.com/fizyr/keras-retinanet/graphs/contributors shows that there are multiple contributors.,1,"The project uses various CI services to compute code coverage, check stylistic violations, etc.",1,There is a well maintained README and in functions at https://github.com/fizyr/keras-retinanet/blob/master/keras_retinanet/initializers.py and https://github.com/fizyr/keras-retinanet/blob/master/keras_retinanet/losses.py,1.0,Checking https://github.com/fizyr/keras-retinanet/pulse/monthly there has been 6 commit activity in the past month.,1,"The project maintainers respond to issues, as evidenced by https://github.com/fizyr/keras-retinanet/issues/1402",1,https://github.com/fizyr/keras-retinanet/blob/master/LICENSE is provided,1,There are many files related to testing.,45.0,2.0,33.0,30.0,447.0,374.0,374.0,8.0,7.0,935.0,0.0139318885448916,0.0014880952380952,0.0038132655419459,0.0034758428919012,0.0142570088986699,0.0181986278039998,0.0181986278039998,0.0042238648363252,0.0076335877862595,0.0210159586423915,21,1.0
broadinstitute/keras-rcnn,Y,501,838,4683,The source code of this project has been organised into different modules in a way that shows the relationship between different files,1,https://github.com/broadinstitute/keras-rcnn/graphs/contributors shows that there are multiple contributors,1,The project uses Travis CI,0,Most of the functions in the source code are not documented.,0.0,No evidence of sustained commit activity,1,Open issues more than closed,1,https://github.com/broadinstitute/keras-rcnn/blob/master/LICENSE is provided.,1,There are many files related to testing,0.0,2.0,15.0,7.0,742.0,141.0,141.0,3.0,0.0,274.0,0.0,0.0014880952380952,0.0017333025190663,0.0008110300081103,0.0236659968743023,0.0068609800009731,0.0068609800009731,0.0015839493136219,0.0,0.0061586873454708,21,0.5
